UserID,MovieTitle,PosterURL,Year,Genre,Rating
20,Avatar,https://image.tmdb.org/t/p/w500/kyeqWdyUXW608qlYkRqosgbbJyK.jpg,2009,Sci-Fi,4.3
27,Interstellar,https://image.tmdb.org/t/p/w500/gEU2QniE6E77NI6lCU6MxlNBvIx.jpg,2014,Sci-Fi,1.8
2,Avengers: Endgame,https://image.tmdb.org/t/p/w500/ulzhLuWrPK07P1YkdWQLZnQh1JL.jpg,2019,Action,4.7
10,Interstellar,https://image.tmdb.org/t/p/w500/gEU2QniE6E77NI6lCU6MxlNBvIx.jpg,2014,Sci-Fi,3.6
48,The Dark Knight,https://image.tmdb.org/t/p/w500/qJ2tW6WMUDux911r6m7haRef0WH.jpg,2008,Action,1.5
27,The Godfather,https://image.tmdb.org/t/p/w500/3bhkrj58Vtu7enYsRolD1fZdja1.jpg,1972,Drama,2.1
29,Frozen,https://image.tmdb.org/t/p/w500/mbm8k3GFhXS0ROd9AD1gqYbIFbM.jpg,2013,Animation,3.2
9,Interstellar,https://image.tmdb.org/t/p/w500/gEU2QniE6E77NI6lCU6MxlNBvIx.jpg,2014,Sci-Fi,3.4
19,Joker,https://image.tmdb.org/t/p/w500/udDclJoHjfjb8Ekgsd4FDteOkCU.jpg,2019,Thriller,3.6
7,Joker,https://image.tmdb.org/t/p/w500/udDclJoHjfjb8Ekgsd4FDteOkCU.jpg,2019,Thriller,3.8
33,Frozen,https://image.tmdb.org/t/p/w500/mbm8k3GFhXS0ROd9AD1gqYbIFbM.jpg,2013,Animation,3
1,Avatar,https://image.tmdb.org/t/p/w500/kyeqWdyUXW608qlYkRqosgbbJyK.jpg,2009,Sci-Fi,3.8
8,Inception,https://image.tmdb.org/t/p/w500/edv5CZvWj09upOsy2Y6IwDhK8bt.jpg,2010,Sci-Fi,4.6
46,Interstellar,https://image.tmdb.org/t/p/w500/gEU2QniE6E77NI6lCU6MxlNBvIx.jpg,2014,Sci-Fi,2.6
43,The Dark Knight,https://image.tmdb.org/t/p/w500/qJ2tW6WMUDux911r6m7haRef0WH.jpg,2008,Action,4.3
17,Avengers: Endgame,https://image.tmdb.org/t/p/w500/ulzhLuWrPK07P1YkdWQLZnQh1JL.jpg,2019,Action,2.9
8,Interstellar,https://image.tmdb.org/t/p/w500/gEU2QniE6E77NI6lCU6MxlNBvIx.jpg,2014,Sci-Fi,2.4
24,The Dark Knight,https://image.tmdb.org/t/p/w500/qJ2tW6WMUDux911r6m7haRef0WH.jpg,2008,Action,3.2
10,Inception,https://image.tmdb.org/t/p/w500/edv5CZvWj09upOsy2Y6IwDhK8bt.jpg,2010,Sci-Fi,1.4
14,Frozen,https://image.tmdb.org/t/p/w500/mbm8k3GFhXS0ROd9AD1gqYbIFbM.jpg,2013,Animation,3.7
17,Avatar,https://image.tmdb.org/t/p/w500/kyeqWdyUXW608qlYkRqosgbbJyK.jpg,2009,Sci-Fi,4.8
48,The Lion King,https://image.tmdb.org/t/p/w500/2bXbqYdUdNVa8VIWXVfclP2ICtT.jpg,1994,Animation,4.3
16,Joker,https://image.tmdb.org/t/p/w500/udDclJoHjfjb8Ekgsd4FDteOkCU.jpg,2019,Thriller,4.5
8,Joker,https://image.tmdb.org/t/p/w500/udDclJoHjfjb8Ekgsd4FDteOkCU.jpg,2019,Thriller,3.3
38,Joker,https://image.tmdb.org/t/p/w500/udDclJoHjfjb8Ekgsd4FDteOkCU.jpg,2019,Thriller,1.1
7,Interstellar,https://image.tmdb.org/t/p/w500/gEU2QniE6E77NI6lCU6MxlNBvIx.jpg,2014,Sci-Fi,3.9
50,The Lion King,https://image.tmdb.org/t/p/w500/2bXbqYdUdNVa8VIWXVfclP2ICtT.jpg,1994,Animation,3.8
2,The Dark Knight,https://image.tmdb.org/t/p/w500/qJ2tW6WMUDux911r6m7haRef0WH.jpg,2008,Action,2.2
23,Avengers: Endgame,https://image.tmdb.org/t/p/w500/ulzhLuWrPK07P1YkdWQLZnQh1JL.jpg,2019,Action,2
46,The Dark Knight,https://image.tmdb.org/t/p/w500/qJ2tW6WMUDux911r6m7haRef0WH.jpg,2008,Action,2.8
3,Joker,https://image.tmdb.org/t/p/w500/udDclJoHjfjb8Ekgsd4FDteOkCU.jpg,2019,Thriller,3
22,Frozen,https://image.tmdb.org/t/p/w500/mbm8k3GFhXS0ROd9AD1gqYbIFbM.jpg,2013,Animation,2
41,Avengers: Endgame,https://image.tmdb.org/t/p/w500/ulzhLuWrPK07P1YkdWQLZnQh1JL.jpg,2019,Action,4.2
26,The Lion King,https://image.tmdb.org/t/p/w500/2bXbqYdUdNVa8VIWXVfclP2ICtT.jpg,1994,Animation,3.2
46,The Lion King,https://image.tmdb.org/t/p/w500/2bXbqYdUdNVa8VIWXVfclP2ICtT.jpg,1994,Animation,4.5
6,Avengers: Endgame,https://image.tmdb.org/t/p/w500/ulzhLuWrPK07P1YkdWQLZnQh1JL.jpg,2019,Action,4.5
35,The Lion King,https://image.tmdb.org/t/p/w500/2bXbqYdUdNVa8VIWXVfclP2ICtT.jpg,1994,Animation,3.3
21,The Lion King,https://image.tmdb.org/t/p/w500/2bXbqYdUdNVa8VIWXVfclP2ICtT.jpg,1994,Animation,3.1
34,Avengers: Endgame,https://image.tmdb.org/t/p/w500/ulzhLuWrPK07P1YkdWQLZnQh1JL.jpg,2019,Action,1
17,Interstellar,https://image.tmdb.org/t/p/w500/gEU2QniE6E77NI6lCU6MxlNBvIx.jpg,2014,Sci-Fi,3.2
14,Frozen,https://image.tmdb.org/t/p/w500/mbm8k3GFhXS0ROd9AD1gqYbIFbM.jpg,2013,Animation,1.2
28,Inception,https://image.tmdb.org/t/p/w500/edv5CZvWj09upOsy2Y6IwDhK8bt.jpg,2010,Sci-Fi,2
27,Avengers: Endgame,https://image.tmdb.org/t/p/w500/ulzhLuWrPK07P1YkdWQLZnQh1JL.jpg,2019,Action,2.2
21,Titanic,https://image.tmdb.org/t/p/w500/9xjZS2rlVxm8SFx8kPC3aIGCOYQ.jpg,1997,Romance,2.5
22,Avengers: Endgame,https://image.tmdb.org/t/p/w500/ulzhLuWrPK07P1YkdWQLZnQh1JL.jpg,2019,Action,2
25,The Godfather,https://image.tmdb.org/t/p/w500/3bhkrj58Vtu7enYsRolD1fZdja1.jpg,1972,Drama,3.2
21,Joker,https://image.tmdb.org/t/p/w500/udDclJoHjfjb8Ekgsd4FDteOkCU.jpg,2019,Thriller,2
50,Interstellar,https://image.tmdb.org/t/p/w500/gEU2QniE6E77NI6lCU6MxlNBvIx.jpg,2014,Sci-Fi,2.6
14,Avengers: Endgame,https://image.tmdb.org/t/p/w500/ulzhLuWrPK07P1YkdWQLZnQh1JL.jpg,2019,Action,3.7
40,The Lion King,https://image.tmdb.org/t/p/w500/2bXbqYdUdNVa8VIWXVfclP2ICtT.jpg,1994,Animation,2.7
48,The Dark Knight,https://image.tmdb.org/t/p/w500/qJ2tW6WMUDux911r6m7haRef0WH.jpg,2008,Action,1.9
9,Frozen,https://image.tmdb.org/t/p/w500/mbm8k3GFhXS0ROd9AD1gqYbIFbM.jpg,2013,Animation,2.2
15,Frozen,https://image.tmdb.org/t/p/w500/mbm8k3GFhXS0ROd9AD1gqYbIFbM.jpg,2013,Animation,3
48,Titanic,https://image.tmdb.org/t/p/w500/9xjZS2rlVxm8SFx8kPC3aIGCOYQ.jpg,1997,Romance,4.1
19,Avatar,https://image.tmdb.org/t/p/w500/kyeqWdyUXW608qlYkRqosgbbJyK.jpg,2009,Sci-Fi,2.3
46,Frozen,https://image.tmdb.org/t/p/w500/mbm8k3GFhXS0ROd9AD1gqYbIFbM.jpg,2013,Animation,2.7
28,Avatar,https://image.tmdb.org/t/p/w500/kyeqWdyUXW608qlYkRqosgbbJyK.jpg,2009,Sci-Fi,3.8
1,Interstellar,https://image.tmdb.org/t/p/w500/gEU2QniE6E77NI6lCU6MxlNBvIx.jpg,2014,Sci-Fi,4
25,Inception,https://image.tmdb.org/t/p/w500/edv5CZvWj09upOsy2Y6IwDhK8bt.jpg,2010,Sci-Fi,1.7
20,Titanic,https://image.tmdb.org/t/p/w500/9xjZS2rlVxm8SFx8kPC3aIGCOYQ.jpg,1997,Romance,2.3
8,Avengers: Endgame,https://image.tmdb.org/t/p/w500/ulzhLuWrPK07P1YkdWQLZnQh1JL.jpg,2019,Action,2.9
31,The Lion King,https://image.tmdb.org/t/p/w500/2bXbqYdUdNVa8VIWXVfclP2ICtT.jpg,1994,Animation,4.3
42,The Lion King,https://image.tmdb.org/t/p/w500/2bXbqYdUdNVa8VIWXVfclP2ICtT.jpg,1994,Animation,2.3
2,Avengers: Endgame,https://image.tmdb.org/t/p/w500/ulzhLuWrPK07P1YkdWQLZnQh1JL.jpg,2019,Action,5
17,Joker,https://image.tmdb.org/t/p/w500/udDclJoHjfjb8Ekgsd4FDteOkCU.jpg,2019,Thriller,1
46,The Lion King,https://image.tmdb.org/t/p/w500/2bXbqYdUdNVa8VIWXVfclP2ICtT.jpg,1994,Animation,4
42,Interstellar,https://image.tmdb.org/t/p/w500/gEU2QniE6E77NI6lCU6MxlNBvIx.jpg,2014,Sci-Fi,2.7
11,Titanic,https://image.tmdb.org/t/p/w500/9xjZS2rlVxm8SFx8kPC3aIGCOYQ.jpg,1997,Romance,4.7
21,The Godfather,https://image.tmdb.org/t/p/w500/3bhkrj58Vtu7enYsRolD1fZdja1.jpg,1972,Drama,1.8
31,Avengers: Endgame,https://image.tmdb.org/t/p/w500/ulzhLuWrPK07P1YkdWQLZnQh1JL.jpg,2019,Action,1.1
31,Avengers: Endgame,https://image.tmdb.org/t/p/w500/ulzhLuWrPK07P1YkdWQLZnQh1JL.jpg,2019,Action,1
9,Interstellar,https://image.tmdb.org/t/p/w500/gEU2QniE6E77NI6lCU6MxlNBvIx.jpg,2014,Sci-Fi,1.3
8,The Godfather,https://image.tmdb.org/t/p/w500/3bhkrj58Vtu7enYsRolD1fZdja1.jpg,1972,Drama,1.2
10,Titanic,https://image.tmdb.org/t/p/w500/9xjZS2rlVxm8SFx8kPC3aIGCOYQ.jpg,1997,Romance,3.1
28,Avengers: Endgame,https://image.tmdb.org/t/p/w500/ulzhLuWrPK07P1YkdWQLZnQh1JL.jpg,2019,Action,1.3
32,Avatar,https://image.tmdb.org/t/p/w500/kyeqWdyUXW608qlYkRqosgbbJyK.jpg,2009,Sci-Fi,4.5
14,Avatar,https://image.tmdb.org/t/p/w500/kyeqWdyUXW608qlYkRqosgbbJyK.jpg,2009,Sci-Fi,1.5
1,The Dark Knight,https://image.tmdb.org/t/p/w500/qJ2tW6WMUDux911r6m7haRef0WH.jpg,2008,Action,4.6
21,Avengers: Endgame,https://image.tmdb.org/t/p/w500/ulzhLuWrPK07P1YkdWQLZnQh1JL.jpg,2019,Action,4.2
7,Avengers: Endgame,https://image.tmdb.org/t/p/w500/ulzhLuWrPK07P1YkdWQLZnQh1JL.jpg,2019,Action,4.2
48,Titanic,https://image.tmdb.org/t/p/w500/9xjZS2rlVxm8SFx8kPC3aIGCOYQ.jpg,1997,Romance,3.8
44,Interstellar,https://image.tmdb.org/t/p/w500/gEU2QniE6E77NI6lCU6MxlNBvIx.jpg,2014,Sci-Fi,3.1
28,Titanic,https://image.tmdb.org/t/p/w500/9xjZS2rlVxm8SFx8kPC3aIGCOYQ.jpg,1997,Romance,4.8
11,The Dark Knight,https://image.tmdb.org/t/p/w500/qJ2tW6WMUDux911r6m7haRef0WH.jpg,2008,Action,4.2
29,Joker,https://image.tmdb.org/t/p/w500/udDclJoHjfjb8Ekgsd4FDteOkCU.jpg,2019,Thriller,4
27,Avatar,https://image.tmdb.org/t/p/w500/kyeqWdyUXW608qlYkRqosgbbJyK.jpg,2009,Sci-Fi,2.7
17,The Lion King,https://image.tmdb.org/t/p/w500/2bXbqYdUdNVa8VIWXVfclP2ICtT.jpg,1994,Animation,1.1
8,The Dark Knight,https://image.tmdb.org/t/p/w500/qJ2tW6WMUDux911r6m7haRef0WH.jpg,2008,Action,3
22,The Godfather,https://image.tmdb.org/t/p/w500/3bhkrj58Vtu7enYsRolD1fZdja1.jpg,1972,Drama,3.6
14,Inception,https://image.tmdb.org/t/p/w500/edv5CZvWj09upOsy2Y6IwDhK8bt.jpg,2010,Sci-Fi,3.2
45,Frozen,https://image.tmdb.org/t/p/w500/mbm8k3GFhXS0ROd9AD1gqYbIFbM.jpg,2013,Animation,4.3
45,Joker,https://image.tmdb.org/t/p/w500/udDclJoHjfjb8Ekgsd4FDteOkCU.jpg,2019,Thriller,3.4
17,Inception,https://image.tmdb.org/t/p/w500/edv5CZvWj09upOsy2Y6IwDhK8bt.jpg,2010,Sci-Fi,2.3
32,Joker,https://image.tmdb.org/t/p/w500/udDclJoHjfjb8Ekgsd4FDteOkCU.jpg,2019,Thriller,1.2
22,Titanic,https://image.tmdb.org/t/p/w500/9xjZS2rlVxm8SFx8kPC3aIGCOYQ.jpg,1997,Romance,3.5
49,Interstellar,https://image.tmdb.org/t/p/w500/gEU2QniE6E77NI6lCU6MxlNBvIx.jpg,2014,Sci-Fi,1.9
36,Avatar,https://image.tmdb.org/t/p/w500/kyeqWdyUXW608qlYkRqosgbbJyK.jpg,2009,Sci-Fi,4.7
22,Inception,https://image.tmdb.org/t/p/w500/edv5CZvWj09upOsy2Y6IwDhK8bt.jpg,2010,Sci-Fi,3.8
6,Avatar,https://image.tmdb.org/t/p/w500/kyeqWdyUXW608qlYkRqosgbbJyK.jpg,2009,Sci-Fi,2.8
38,Avengers: Endgame,https://image.tmdb.org/t/p/w500/ulzhLuWrPK07P1YkdWQLZnQh1JL.jpg,2019,Action,2.4
39,Inception,https://image.tmdb.org/t/p/w500/edv5CZvWj09upOsy2Y6IwDhK8bt.jpg,2010,Sci-Fi,3
39,Titanic,https://image.tmdb.org/t/p/w500/9xjZS2rlVxm8SFx8kPC3aIGCOYQ.jpg,1997,Romance,3.3
40,Interstellar,https://image.tmdb.org/t/p/w500/gEU2QniE6E77NI6lCU6MxlNBvIx.jpg,2014,Sci-Fi,2.4
25,Titanic,https://image.tmdb.org/t/p/w500/9xjZS2rlVxm8SFx8kPC3aIGCOYQ.jpg,1997,Romance,3.3
37,The Godfather,https://image.tmdb.org/t/p/w500/3bhkrj58Vtu7enYsRolD1fZdja1.jpg,1972,Drama,3.5
45,The Dark Knight,https://image.tmdb.org/t/p/w500/qJ2tW6WMUDux911r6m7haRef0WH.jpg,2008,Action,2.7
44,Inception,https://image.tmdb.org/t/p/w500/edv5CZvWj09upOsy2Y6IwDhK8bt.jpg,2010,Sci-Fi,1.9
19,Frozen,https://image.tmdb.org/t/p/w500/mbm8k3GFhXS0ROd9AD1gqYbIFbM.jpg,2013,Animation,1.9
9,The Godfather,https://image.tmdb.org/t/p/w500/3bhkrj58Vtu7enYsRolD1fZdja1.jpg,1972,Drama,2.6
7,Joker,https://image.tmdb.org/t/p/w500/udDclJoHjfjb8Ekgsd4FDteOkCU.jpg,2019,Thriller,2.6
37,Joker,https://image.tmdb.org/t/p/w500/udDclJoHjfjb8Ekgsd4FDteOkCU.jpg,2019,Thriller,2.8
48,The Lion King,https://image.tmdb.org/t/p/w500/2bXbqYdUdNVa8VIWXVfclP2ICtT.jpg,1994,Animation,1.8
19,The Lion King,https://image.tmdb.org/t/p/w500/2bXbqYdUdNVa8VIWXVfclP2ICtT.jpg,1994,Animation,4.1
3,Interstellar,https://image.tmdb.org/t/p/w500/gEU2QniE6E77NI6lCU6MxlNBvIx.jpg,2014,Sci-Fi,3.1
29,Interstellar,https://image.tmdb.org/t/p/w500/gEU2QniE6E77NI6lCU6MxlNBvIx.jpg,2014,Sci-Fi,1.8
16,The Dark Knight,https://image.tmdb.org/t/p/w500/qJ2tW6WMUDux911r6m7haRef0WH.jpg,2008,Action,3.7
21,Interstellar,https://image.tmdb.org/t/p/w500/gEU2QniE6E77NI6lCU6MxlNBvIx.jpg,2014,Sci-Fi,1.8
3,Avatar,https://image.tmdb.org/t/p/w500/kyeqWdyUXW608qlYkRqosgbbJyK.jpg,2009,Sci-Fi,2.1
39,Avatar,https://image.tmdb.org/t/p/w500/kyeqWdyUXW608qlYkRqosgbbJyK.jpg,2009,Sci-Fi,3.1
26,Titanic,https://image.tmdb.org/t/p/w500/9xjZS2rlVxm8SFx8kPC3aIGCOYQ.jpg,1997,Romance,1.8
1,The Lion King,https://image.tmdb.org/t/p/w500/2bXbqYdUdNVa8VIWXVfclP2ICtT.jpg,1994,Animation,3.8
4,The Godfather,https://image.tmdb.org/t/p/w500/3bhkrj58Vtu7enYsRolD1fZdja1.jpg,1972,Drama,1.2
45,The Lion King,https://image.tmdb.org/t/p/w500/2bXbqYdUdNVa8VIWXVfclP2ICtT.jpg,1994,Animation,4.1
27,Titanic,https://image.tmdb.org/t/p/w500/9xjZS2rlVxm8SFx8kPC3aIGCOYQ.jpg,1997,Romance,2.9
3,Frozen,https://image.tmdb.org/t/p/w500/mbm8k3GFhXS0ROd9AD1gqYbIFbM.jpg,2013,Animation,4.3
17,The Lion King,https://image.tmdb.org/t/p/w500/2bXbqYdUdNVa8VIWXVfclP2ICtT.jpg,1994,Animation,3.2
48,The Lion King,https://image.tmdb.org/t/p/w500/2bXbqYdUdNVa8VIWXVfclP2ICtT.jpg,1994,Animation,4.7
5,Avengers: Endgame,https://image.tmdb.org/t/p/w500/ulzhLuWrPK07P1YkdWQLZnQh1JL.jpg,2019,Action,1.1
37,The Godfather,https://image.tmdb.org/t/p/w500/3bhkrj58Vtu7enYsRolD1fZdja1.jpg,1972,Drama,1.9
30,The Lion King,https://image.tmdb.org/t/p/w500/2bXbqYdUdNVa8VIWXVfclP2ICtT.jpg,1994,Animation,4.1
13,Joker,https://image.tmdb.org/t/p/w500/udDclJoHjfjb8Ekgsd4FDteOkCU.jpg,2019,Thriller,1.2
8,Avatar,https://image.tmdb.org/t/p/w500/kyeqWdyUXW608qlYkRqosgbbJyK.jpg,2009,Sci-Fi,2
17,The Dark Knight,https://image.tmdb.org/t/p/w500/qJ2tW6WMUDux911r6m7haRef0WH.jpg,2008,Action,4.7
26,Avengers: Endgame,https://image.tmdb.org/t/p/w500/ulzhLuWrPK07P1YkdWQLZnQh1JL.jpg,2019,Action,1.5
30,Frozen,https://image.tmdb.org/t/p/w500/mbm8k3GFhXS0ROd9AD1gqYbIFbM.jpg,2013,Animation,4.2
10,Inception,https://image.tmdb.org/t/p/w500/edv5CZvWj09upOsy2Y6IwDhK8bt.jpg,2010,Sci-Fi,2
21,Avatar,https://image.tmdb.org/t/p/w500/kyeqWdyUXW608qlYkRqosgbbJyK.jpg,2009,Sci-Fi,1.1
32,Titanic,https://image.tmdb.org/t/p/w500/9xjZS2rlVxm8SFx8kPC3aIGCOYQ.jpg,1997,Romance,2
6,Interstellar,https://image.tmdb.org/t/p/w500/gEU2QniE6E77NI6lCU6MxlNBvIx.jpg,2014,Sci-Fi,3.6
11,Inception,https://image.tmdb.org/t/p/w500/edv5CZvWj09upOsy2Y6IwDhK8bt.jpg,2010,Sci-Fi,1.5
29,The Dark Knight,https://image.tmdb.org/t/p/w500/qJ2tW6WMUDux911r6m7haRef0WH.jpg,2008,Action,3.1
28,Joker,https://image.tmdb.org/t/p/w500/udDclJoHjfjb8Ekgsd4FDteOkCU.jpg,2019,Thriller,3.3
1,Avatar,https://image.tmdb.org/t/p/w500/kyeqWdyUXW608qlYkRqosgbbJyK.jpg,2009,Sci-Fi,2.5
22,Avengers: Endgame,https://image.tmdb.org/t/p/w500/ulzhLuWrPK07P1YkdWQLZnQh1JL.jpg,2019,Action,3.4
43,The Lion King,https://image.tmdb.org/t/p/w500/2bXbqYdUdNVa8VIWXVfclP2ICtT.jpg,1994,Animation,4
4,Avengers: Endgame,https://image.tmdb.org/t/p/w500/ulzhLuWrPK07P1YkdWQLZnQh1JL.jpg,2019,Action,3.7
39,Interstellar,https://image.tmdb.org/t/p/w500/gEU2QniE6E77NI6lCU6MxlNBvIx.jpg,2014,Sci-Fi,2.9
30,The Dark Knight,https://image.tmdb.org/t/p/w500/qJ2tW6WMUDux911r6m7haRef0WH.jpg,2008,Action,4.2
20,Avengers: Endgame,https://image.tmdb.org/t/p/w500/ulzhLuWrPK07P1YkdWQLZnQh1JL.jpg,2019,Action,2.6
37,The Godfather,https://image.tmdb.org/t/p/w500/3bhkrj58Vtu7enYsRolD1fZdja1.jpg,1972,Drama,4.6
37,Interstellar,https://image.tmdb.org/t/p/w500/gEU2QniE6E77NI6lCU6MxlNBvIx.jpg,2014,Sci-Fi,1.9
32,Joker,https://image.tmdb.org/t/p/w500/udDclJoHjfjb8Ekgsd4FDteOkCU.jpg,2019,Thriller,1.6
22,The Dark Knight,https://image.tmdb.org/t/p/w500/qJ2tW6WMUDux911r6m7haRef0WH.jpg,2008,Action,3.7
10,The Dark Knight,https://image.tmdb.org/t/p/w500/qJ2tW6WMUDux911r6m7haRef0WH.jpg,2008,Action,4.9
8,The Lion King,https://image.tmdb.org/t/p/w500/2bXbqYdUdNVa8VIWXVfclP2ICtT.jpg,1994,Animation,1.9
40,Inception,https://image.tmdb.org/t/p/w500/edv5CZvWj09upOsy2Y6IwDhK8bt.jpg,2010,Sci-Fi,3.8
2,Frozen,https://image.tmdb.org/t/p/w500/mbm8k3GFhXS0ROd9AD1gqYbIFbM.jpg,2013,Animation,2.9
33,Avatar,https://image.tmdb.org/t/p/w500/kyeqWdyUXW608qlYkRqosgbbJyK.jpg,2009,Sci-Fi,1.6
9,Joker,https://image.tmdb.org/t/p/w500/udDclJoHjfjb8Ekgsd4FDteOkCU.jpg,2019,Thriller,2
19,The Lion King,https://image.tmdb.org/t/p/w500/2bXbqYdUdNVa8VIWXVfclP2ICtT.jpg,1994,Animation,4.8
31,Joker,https://image.tmdb.org/t/p/w500/udDclJoHjfjb8Ekgsd4FDteOkCU.jpg,2019,Thriller,4.9
4,Avengers: Endgame,https://image.tmdb.org/t/p/w500/ulzhLuWrPK07P1YkdWQLZnQh1JL.jpg,2019,Action,1.1
41,Avengers: Endgame,https://image.tmdb.org/t/p/w500/ulzhLuWrPK07P1YkdWQLZnQh1JL.jpg,2019,Action,2
10,Inception,https://image.tmdb.org/t/p/w500/edv5CZvWj09upOsy2Y6IwDhK8bt.jpg,2010,Sci-Fi,2.1
18,Inception,https://image.tmdb.org/t/p/w500/edv5CZvWj09upOsy2Y6IwDhK8bt.jpg,2010,Sci-Fi,3.2
22,Titanic,https://image.tmdb.org/t/p/w500/9xjZS2rlVxm8SFx8kPC3aIGCOYQ.jpg,1997,Romance,3.7
43,Avatar,https://image.tmdb.org/t/p/w500/kyeqWdyUXW608qlYkRqosgbbJyK.jpg,2009,Sci-Fi,3.9
42,Frozen,https://image.tmdb.org/t/p/w500/mbm8k3GFhXS0ROd9AD1gqYbIFbM.jpg,2013,Animation,1.2
12,Joker,https://image.tmdb.org/t/p/w500/udDclJoHjfjb8Ekgsd4FDteOkCU.jpg,2019,Thriller,3.6
15,Avengers: Endgame,https://image.tmdb.org/t/p/w500/ulzhLuWrPK07P1YkdWQLZnQh1JL.jpg,2019,Action,4.8
24,Interstellar,https://image.tmdb.org/t/p/w500/gEU2QniE6E77NI6lCU6MxlNBvIx.jpg,2014,Sci-Fi,3.4
49,The Dark Knight,https://image.tmdb.org/t/p/w500/qJ2tW6WMUDux911r6m7haRef0WH.jpg,2008,Action,4.1
9,The Godfather,https://image.tmdb.org/t/p/w500/3bhkrj58Vtu7enYsRolD1fZdja1.jpg,1972,Drama,1.7
38,Interstellar,https://image.tmdb.org/t/p/w500/gEU2QniE6E77NI6lCU6MxlNBvIx.jpg,2014,Sci-Fi,2.7
22,The Lion King,https://image.tmdb.org/t/p/w500/2bXbqYdUdNVa8VIWXVfclP2ICtT.jpg,1994,Animation,1.6
20,Frozen,https://image.tmdb.org/t/p/w500/mbm8k3GFhXS0ROd9AD1gqYbIFbM.jpg,2013,Animation,2.8
45,Frozen,https://image.tmdb.org/t/p/w500/mbm8k3GFhXS0ROd9AD1gqYbIFbM.jpg,2013,Animation,2
12,Joker,https://image.tmdb.org/t/p/w500/udDclJoHjfjb8Ekgsd4FDteOkCU.jpg,2019,Thriller,2.7
42,Inception,https://image.tmdb.org/t/p/w500/edv5CZvWj09upOsy2Y6IwDhK8bt.jpg,2010,Sci-Fi,2.7
24,Joker,https://image.tmdb.org/t/p/w500/udDclJoHjfjb8Ekgsd4FDteOkCU.jpg,2019,Thriller,1.1
35,Avengers: Endgame,https://image.tmdb.org/t/p/w500/ulzhLuWrPK07P1YkdWQLZnQh1JL.jpg,2019,Action,1.5
5,Frozen,https://image.tmdb.org/t/p/w500/mbm8k3GFhXS0ROd9AD1gqYbIFbM.jpg,2013,Animation,1.2
46,The Lion King,https://image.tmdb.org/t/p/w500/2bXbqYdUdNVa8VIWXVfclP2ICtT.jpg,1994,Animation,4
38,Avengers: Endgame,https://image.tmdb.org/t/p/w500/ulzhLuWrPK07P1YkdWQLZnQh1JL.jpg,2019,Action,4.2
33,The Godfather,https://image.tmdb.org/t/p/w500/3bhkrj58Vtu7enYsRolD1fZdja1.jpg,1972,Drama,4.4
45,The Dark Knight,https://image.tmdb.org/t/p/w500/qJ2tW6WMUDux911r6m7haRef0WH.jpg,2008,Action,3.1
37,Joker,https://image.tmdb.org/t/p/w500/udDclJoHjfjb8Ekgsd4FDteOkCU.jpg,2019,Thriller,3.6
13,Inception,https://image.tmdb.org/t/p/w500/edv5CZvWj09upOsy2Y6IwDhK8bt.jpg,2010,Sci-Fi,3.7
41,Titanic,https://image.tmdb.org/t/p/w500/9xjZS2rlVxm8SFx8kPC3aIGCOYQ.jpg,1997,Romance,4.2
41,Avatar,https://image.tmdb.org/t/p/w500/kyeqWdyUXW608qlYkRqosgbbJyK.jpg,2009,Sci-Fi,2.4
48,Avengers: Endgame,https://image.tmdb.org/t/p/w500/ulzhLuWrPK07P1YkdWQLZnQh1JL.jpg,2019,Action,1.5
16,Interstellar,https://image.tmdb.org/t/p/w500/gEU2QniE6E77NI6lCU6MxlNBvIx.jpg,2014,Sci-Fi,3.2
47,The Lion King,https://image.tmdb.org/t/p/w500/2bXbqYdUdNVa8VIWXVfclP2ICtT.jpg,1994,Animation,4.8
18,Interstellar,https://image.tmdb.org/t/p/w500/gEU2QniE6E77NI6lCU6MxlNBvIx.jpg,2014,Sci-Fi,4.2
33,Joker,https://image.tmdb.org/t/p/w500/udDclJoHjfjb8Ekgsd4FDteOkCU.jpg,2019,Thriller,2.6
44,Avatar,https://image.tmdb.org/t/p/w500/kyeqWdyUXW608qlYkRqosgbbJyK.jpg,2009,Sci-Fi,4.4
1,Inception,https://image.tmdb.org/t/p/w500/edv5CZvWj09upOsy2Y6IwDhK8bt.jpg,2010,Sci-Fi,5
50,The Godfather,https://image.tmdb.org/t/p/w500/3bhkrj58Vtu7enYsRolD1fZdja1.jpg,1972,Drama,4.4
39,Inception,https://image.tmdb.org/t/p/w500/edv5CZvWj09upOsy2Y6IwDhK8bt.jpg,2010,Sci-Fi,1.2
30,Frozen,https://image.tmdb.org/t/p/w500/mbm8k3GFhXS0ROd9AD1gqYbIFbM.jpg,2013,Animation,2.2
44,Joker,https://image.tmdb.org/t/p/w500/udDclJoHjfjb8Ekgsd4FDteOkCU.jpg,2019,Thriller,2.1
10,Frozen,https://image.tmdb.org/t/p/w500/mbm8k3GFhXS0ROd9AD1gqYbIFbM.jpg,2013,Animation,2.7
38,Joker,https://image.tmdb.org/t/p/w500/udDclJoHjfjb8Ekgsd4FDteOkCU.jpg,2019,Thriller,2.2
49,The Lion King,https://image.tmdb.org/t/p/w500/2bXbqYdUdNVa8VIWXVfclP2ICtT.jpg,1994,Animation,4.8
21,Frozen,https://image.tmdb.org/t/p/w500/mbm8k3GFhXS0ROd9AD1gqYbIFbM.jpg,2013,Animation,1.5
7,Avengers: Endgame,https://image.tmdb.org/t/p/w500/ulzhLuWrPK07P1YkdWQLZnQh1JL.jpg,2019,Action,1.8
49,Titanic,https://image.tmdb.org/t/p/w500/9xjZS2rlVxm8SFx8kPC3aIGCOYQ.jpg,1997,Romance,1.7
11,Avengers: Endgame,https://image.tmdb.org/t/p/w500/ulzhLuWrPK07P1YkdWQLZnQh1JL.jpg,2019,Action,2.3
4,Avatar,https://image.tmdb.org/t/p/w500/kyeqWdyUXW608qlYkRqosgbbJyK.jpg,2009,Sci-Fi,4.6
46,The Godfather,https://image.tmdb.org/t/p/w500/3bhkrj58Vtu7enYsRolD1fZdja1.jpg,1972,Drama,3.9
33,Avengers: Endgame,https://image.tmdb.org/t/p/w500/ulzhLuWrPK07P1YkdWQLZnQh1JL.jpg,2019,Action,1
43,Titanic,https://image.tmdb.org/t/p/w500/9xjZS2rlVxm8SFx8kPC3aIGCOYQ.jpg,1997,Romance,1.9
4,Inception,https://image.tmdb.org/t/p/w500/edv5CZvWj09upOsy2Y6IwDhK8bt.jpg,2010,Sci-Fi,4.2
31,Titanic,https://image.tmdb.org/t/p/w500/9xjZS2rlVxm8SFx8kPC3aIGCOYQ.jpg,1997,Romance,2.7
12,The Dark Knight,https://image.tmdb.org/t/p/w500/qJ2tW6WMUDux911r6m7haRef0WH.jpg,2008,Action,4.8
29,The Dark Knight,https://image.tmdb.org/t/p/w500/qJ2tW6WMUDux911r6m7haRef0WH.jpg,2008,Action,1.5
50,Joker,https://image.tmdb.org/t/p/w500/udDclJoHjfjb8Ekgsd4FDteOkCU.jpg,2019,Thriller,3.4
3,Avengers: Endgame,https://image.tmdb.org/t/p/w500/ulzhLuWrPK07P1YkdWQLZnQh1JL.jpg,2019,Action,4.1
36,The Lion King,https://image.tmdb.org/t/p/w500/2bXbqYdUdNVa8VIWXVfclP2ICtT.jpg,1994,Animation,4.8
23,Frozen,https://image.tmdb.org/t/p/w500/mbm8k3GFhXS0ROd9AD1gqYbIFbM.jpg,2013,Animation,2.5
50,Avatar,https://image.tmdb.org/t/p/w500/kyeqWdyUXW608qlYkRqosgbbJyK.jpg,2009,Sci-Fi,4.7
31,The Lion King,https://image.tmdb.org/t/p/w500/2bXbqYdUdNVa8VIWXVfclP2ICtT.jpg,1994,Animation,3.4
39,Avengers: Endgame,https://image.tmdb.org/t/p/w500/ulzhLuWrPK07P1YkdWQLZnQh1JL.jpg,2019,Action,2
21,Frozen,https://image.tmdb.org/t/p/w500/mbm8k3GFhXS0ROd9AD1gqYbIFbM.jpg,2013,Animation,3
29,The Dark Knight,https://image.tmdb.org/t/p/w500/qJ2tW6WMUDux911r6m7haRef0WH.jpg,2008,Action,3.7
20,Avengers: Endgame,https://image.tmdb.org/t/p/w500/ulzhLuWrPK07P1YkdWQLZnQh1JL.jpg,2019,Action,2.5
8,The Godfather,https://image.tmdb.org/t/p/w500/3bhkrj58Vtu7enYsRolD1fZdja1.jpg,1972,Drama,2
35,The Lion King,https://image.tmdb.org/t/p/w500/2bXbqYdUdNVa8VIWXVfclP2ICtT.jpg,1994,Animation,2.5
49,Interstellar,https://image.tmdb.org/t/p/w500/gEU2QniE6E77NI6lCU6MxlNBvIx.jpg,2014,Sci-Fi,4.1
23,Avengers: Endgame,https://image.tmdb.org/t/p/w500/ulzhLuWrPK07P1YkdWQLZnQh1JL.jpg,2019,Action,1.9
17,The Dark Knight,https://image.tmdb.org/t/p/w500/qJ2tW6WMUDux911r6m7haRef0WH.jpg,2008,Action,1.9
19,The Lion King,https://image.tmdb.org/t/p/w500/2bXbqYdUdNVa8VIWXVfclP2ICtT.jpg,1994,Animation,3.2
1,The Godfather,https://image.tmdb.org/t/p/w500/3bhkrj58Vtu7enYsRolD1fZdja1.jpg,1972,Drama,2.5
5,The Dark Knight,https://image.tmdb.org/t/p/w500/qJ2tW6WMUDux911r6m7haRef0WH.jpg,2008,Action,4.5
31,Avatar,https://image.tmdb.org/t/p/w500/kyeqWdyUXW608qlYkRqosgbbJyK.jpg,2009,Sci-Fi,2.3
6,Avengers: Endgame,https://image.tmdb.org/t/p/w500/ulzhLuWrPK07P1YkdWQLZnQh1JL.jpg,2019,Action,2.8
46,Joker,https://image.tmdb.org/t/p/w500/udDclJoHjfjb8Ekgsd4FDteOkCU.jpg,2019,Thriller,2.8
3,The Lion King,https://image.tmdb.org/t/p/w500/2bXbqYdUdNVa8VIWXVfclP2ICtT.jpg,1994,Animation,4.5
27,The Godfather,https://image.tmdb.org/t/p/w500/3bhkrj58Vtu7enYsRolD1fZdja1.jpg,1972,Drama,2.6
16,The Godfather,https://image.tmdb.org/t/p/w500/3bhkrj58Vtu7enYsRolD1fZdja1.jpg,1972,Drama,1.3
23,The Godfather,https://image.tmdb.org/t/p/w500/3bhkrj58Vtu7enYsRolD1fZdja1.jpg,1972,Drama,1.1
40,Inception,https://image.tmdb.org/t/p/w500/edv5CZvWj09upOsy2Y6IwDhK8bt.jpg,2010,Sci-Fi,1.5
16,Avatar,https://image.tmdb.org/t/p/w500/kyeqWdyUXW608qlYkRqosgbbJyK.jpg,2009,Sci-Fi,1.8
26,The Godfather,https://image.tmdb.org/t/p/w500/3bhkrj58Vtu7enYsRolD1fZdja1.jpg,1972,Drama,1.5
15,Avengers: Endgame,https://image.tmdb.org/t/p/w500/ulzhLuWrPK07P1YkdWQLZnQh1JL.jpg,2019,Action,4.3
49,Joker,https://image.tmdb.org/t/p/w500/udDclJoHjfjb8Ekgsd4FDteOkCU.jpg,2019,Thriller,1.6
33,Joker,https://image.tmdb.org/t/p/w500/udDclJoHjfjb8Ekgsd4FDteOkCU.jpg,2019,Thriller,4.9
30,Frozen,https://image.tmdb.org/t/p/w500/mbm8k3GFhXS0ROd9AD1gqYbIFbM.jpg,2013,Animation,2.9
14,Frozen,https://image.tmdb.org/t/p/w500/mbm8k3GFhXS0ROd9AD1gqYbIFbM.jpg,2013,Animation,1.8
21,The Godfather,https://image.tmdb.org/t/p/w500/3bhkrj58Vtu7enYsRolD1fZdja1.jpg,1972,Drama,1.6
14,The Godfather,https://image.tmdb.org/t/p/w500/3bhkrj58Vtu7enYsRolD1fZdja1.jpg,1972,Drama,3.1
46,Avatar,https://image.tmdb.org/t/p/w500/kyeqWdyUXW608qlYkRqosgbbJyK.jpg,2009,Sci-Fi,3.4
16,The Godfather,https://image.tmdb.org/t/p/w500/3bhkrj58Vtu7enYsRolD1fZdja1.jpg,1972,Drama,1.7
1,Inception,https://image.tmdb.org/t/p/w500/edv5CZvWj09upOsy2Y6IwDhK8bt.jpg,2010,Sci-Fi,1.9
40,Titanic,https://image.tmdb.org/t/p/w500/9xjZS2rlVxm8SFx8kPC3aIGCOYQ.jpg,1997,Romance,2.4
35,The Lion King,https://image.tmdb.org/t/p/w500/2bXbqYdUdNVa8VIWXVfclP2ICtT.jpg,1994,Animation,2.4
43,Inception,https://image.tmdb.org/t/p/w500/edv5CZvWj09upOsy2Y6IwDhK8bt.jpg,2010,Sci-Fi,4.2
14,Titanic,https://image.tmdb.org/t/p/w500/9xjZS2rlVxm8SFx8kPC3aIGCOYQ.jpg,1997,Romance,3.3
32,The Lion King,https://image.tmdb.org/t/p/w500/2bXbqYdUdNVa8VIWXVfclP2ICtT.jpg,1994,Animation,1.6
13,The Lion King,https://image.tmdb.org/t/p/w500/2bXbqYdUdNVa8VIWXVfclP2ICtT.jpg,1994,Animation,3.3
38,Interstellar,https://image.tmdb.org/t/p/w500/gEU2QniE6E77NI6lCU6MxlNBvIx.jpg,2014,Sci-Fi,1.6
36,Avatar,https://image.tmdb.org/t/p/w500/kyeqWdyUXW608qlYkRqosgbbJyK.jpg,2009,Sci-Fi,2.8
47,Joker,https://image.tmdb.org/t/p/w500/udDclJoHjfjb8Ekgsd4FDteOkCU.jpg,2019,Thriller,2.1
46,The Dark Knight,https://image.tmdb.org/t/p/w500/qJ2tW6WMUDux911r6m7haRef0WH.jpg,2008,Action,2.2
4,Joker,https://image.tmdb.org/t/p/w500/udDclJoHjfjb8Ekgsd4FDteOkCU.jpg,2019,Thriller,3.7
28,Avengers: Endgame,https://image.tmdb.org/t/p/w500/ulzhLuWrPK07P1YkdWQLZnQh1JL.jpg,2019,Action,4.3
28,Inception,https://image.tmdb.org/t/p/w500/edv5CZvWj09upOsy2Y6IwDhK8bt.jpg,2010,Sci-Fi,3.7
2,Avatar,https://image.tmdb.org/t/p/w500/kyeqWdyUXW608qlYkRqosgbbJyK.jpg,2009,Sci-Fi,3.4
13,The Godfather,https://image.tmdb.org/t/p/w500/3bhkrj58Vtu7enYsRolD1fZdja1.jpg,1972,Drama,3.5
19,The Godfather,https://image.tmdb.org/t/p/w500/3bhkrj58Vtu7enYsRolD1fZdja1.jpg,1972,Drama,1.7
7,The Dark Knight,https://image.tmdb.org/t/p/w500/qJ2tW6WMUDux911r6m7haRef0WH.jpg,2008,Action,2.9
32,The Lion King,https://image.tmdb.org/t/p/w500/2bXbqYdUdNVa8VIWXVfclP2ICtT.jpg,1994,Animation,4.7
30,Joker,https://image.tmdb.org/t/p/w500/udDclJoHjfjb8Ekgsd4FDteOkCU.jpg,2019,Thriller,2.7
20,Interstellar,https://image.tmdb.org/t/p/w500/gEU2QniE6E77NI6lCU6MxlNBvIx.jpg,2014,Sci-Fi,2.9
34,Frozen,https://image.tmdb.org/t/p/w500/mbm8k3GFhXS0ROd9AD1gqYbIFbM.jpg,2013,Animation,1.3
25,The Godfather,https://image.tmdb.org/t/p/w500/3bhkrj58Vtu7enYsRolD1fZdja1.jpg,1972,Drama,2.5
32,The Dark Knight,https://image.tmdb.org/t/p/w500/qJ2tW6WMUDux911r6m7haRef0WH.jpg,2008,Action,2.4
30,Avatar,https://image.tmdb.org/t/p/w500/kyeqWdyUXW608qlYkRqosgbbJyK.jpg,2009,Sci-Fi,4.5
40,Interstellar,https://image.tmdb.org/t/p/w500/gEU2QniE6E77NI6lCU6MxlNBvIx.jpg,2014,Sci-Fi,4.8
8,Interstellar,https://image.tmdb.org/t/p/w500/gEU2QniE6E77NI6lCU6MxlNBvIx.jpg,2014,Sci-Fi,2.9
44,The Godfather,https://image.tmdb.org/t/p/w500/3bhkrj58Vtu7enYsRolD1fZdja1.jpg,1972,Drama,3.2
32,The Lion King,https://image.tmdb.org/t/p/w500/2bXbqYdUdNVa8VIWXVfclP2ICtT.jpg,1994,Animation,1.7
45,Joker,https://image.tmdb.org/t/p/w500/udDclJoHjfjb8Ekgsd4FDteOkCU.jpg,2019,Thriller,2.1
16,The Dark Knight,https://image.tmdb.org/t/p/w500/qJ2tW6WMUDux911r6m7haRef0WH.jpg,2008,Action,2.5
39,The Lion King,https://image.tmdb.org/t/p/w500/2bXbqYdUdNVa8VIWXVfclP2ICtT.jpg,1994,Animation,3.9
33,The Godfather,https://image.tmdb.org/t/p/w500/3bhkrj58Vtu7enYsRolD1fZdja1.jpg,1972,Drama,3.8
32,Interstellar,https://image.tmdb.org/t/p/w500/gEU2QniE6E77NI6lCU6MxlNBvIx.jpg,2014,Sci-Fi,3.6
47,Inception,https://image.tmdb.org/t/p/w500/edv5CZvWj09upOsy2Y6IwDhK8bt.jpg,2010,Sci-Fi,1.6
36,Joker,https://image.tmdb.org/t/p/w500/udDclJoHjfjb8Ekgsd4FDteOkCU.jpg,2019,Thriller,4.4
36,Inception,https://image.tmdb.org/t/p/w500/edv5CZvWj09upOsy2Y6IwDhK8bt.jpg,2010,Sci-Fi,4.2
38,The Lion King,https://image.tmdb.org/t/p/w500/2bXbqYdUdNVa8VIWXVfclP2ICtT.jpg,1994,Animation,3.5
50,Titanic,https://image.tmdb.org/t/p/w500/9xjZS2rlVxm8SFx8kPC3aIGCOYQ.jpg,1997,Romance,3.9
49,Joker,https://image.tmdb.org/t/p/w500/udDclJoHjfjb8Ekgsd4FDteOkCU.jpg,2019,Thriller,3.9
3,The Lion King,https://image.tmdb.org/t/p/w500/2bXbqYdUdNVa8VIWXVfclP2ICtT.jpg,1994,Animation,3.9
33,Avengers: Endgame,https://image.tmdb.org/t/p/w500/ulzhLuWrPK07P1YkdWQLZnQh1JL.jpg,2019,Action,4.1
21,Avatar,https://image.tmdb.org/t/p/w500/kyeqWdyUXW608qlYkRqosgbbJyK.jpg,2009,Sci-Fi,2.4
4,Avengers: Endgame,https://image.tmdb.org/t/p/w500/ulzhLuWrPK07P1YkdWQLZnQh1JL.jpg,2019,Action,1.9
36,Frozen,https://image.tmdb.org/t/p/w500/mbm8k3GFhXS0ROd9AD1gqYbIFbM.jpg,2013,Animation,4.8
42,The Lion King,https://image.tmdb.org/t/p/w500/2bXbqYdUdNVa8VIWXVfclP2ICtT.jpg,1994,Animation,1.4
19,Interstellar,https://image.tmdb.org/t/p/w500/gEU2QniE6E77NI6lCU6MxlNBvIx.jpg,2014,Sci-Fi,2.7
42,Avatar,https://image.tmdb.org/t/p/w500/kyeqWdyUXW608qlYkRqosgbbJyK.jpg,2009,Sci-Fi,1.7
48,Frozen,https://image.tmdb.org/t/p/w500/mbm8k3GFhXS0ROd9AD1gqYbIFbM.jpg,2013,Animation,1.6
45,Joker,https://image.tmdb.org/t/p/w500/udDclJoHjfjb8Ekgsd4FDteOkCU.jpg,2019,Thriller,1.4
9,Frozen,https://image.tmdb.org/t/p/w500/mbm8k3GFhXS0ROd9AD1gqYbIFbM.jpg,2013,Animation,2.3
17,Inception,https://image.tmdb.org/t/p/w500/edv5CZvWj09upOsy2Y6IwDhK8bt.jpg,2010,Sci-Fi,2.8
26,The Godfather,https://image.tmdb.org/t/p/w500/3bhkrj58Vtu7enYsRolD1fZdja1.jpg,1972,Drama,2.3
18,Joker,https://image.tmdb.org/t/p/w500/udDclJoHjfjb8Ekgsd4FDteOkCU.jpg,2019,Thriller,2.2
31,Frozen,https://image.tmdb.org/t/p/w500/mbm8k3GFhXS0ROd9AD1gqYbIFbM.jpg,2013,Animation,1.8
38,Inception,https://image.tmdb.org/t/p/w500/edv5CZvWj09upOsy2Y6IwDhK8bt.jpg,2010,Sci-Fi,1.4
27,Interstellar,https://image.tmdb.org/t/p/w500/gEU2QniE6E77NI6lCU6MxlNBvIx.jpg,2014,Sci-Fi,3.2
35,Titanic,https://image.tmdb.org/t/p/w500/9xjZS2rlVxm8SFx8kPC3aIGCOYQ.jpg,1997,Romance,2
28,Titanic,https://image.tmdb.org/t/p/w500/9xjZS2rlVxm8SFx8kPC3aIGCOYQ.jpg,1997,Romance,1.8
6,Avatar,https://image.tmdb.org/t/p/w500/kyeqWdyUXW608qlYkRqosgbbJyK.jpg,2009,Sci-Fi,1.2
22,Frozen,https://image.tmdb.org/t/p/w500/mbm8k3GFhXS0ROd9AD1gqYbIFbM.jpg,2013,Animation,3
11,The Godfather,https://image.tmdb.org/t/p/w500/3bhkrj58Vtu7enYsRolD1fZdja1.jpg,1972,Drama,2
45,Inception,https://image.tmdb.org/t/p/w500/edv5CZvWj09upOsy2Y6IwDhK8bt.jpg,2010,Sci-Fi,3
48,The Dark Knight,https://image.tmdb.org/t/p/w500/qJ2tW6WMUDux911r6m7haRef0WH.jpg,2008,Action,4.8
45,Avengers: Endgame,https://image.tmdb.org/t/p/w500/ulzhLuWrPK07P1YkdWQLZnQh1JL.jpg,2019,Action,1.1
16,The Dark Knight,https://image.tmdb.org/t/p/w500/qJ2tW6WMUDux911r6m7haRef0WH.jpg,2008,Action,1.7
3,The Lion King,https://image.tmdb.org/t/p/w500/2bXbqYdUdNVa8VIWXVfclP2ICtT.jpg,1994,Animation,1.6
17,Interstellar,https://image.tmdb.org/t/p/w500/gEU2QniE6E77NI6lCU6MxlNBvIx.jpg,2014,Sci-Fi,2.8
15,Interstellar,https://image.tmdb.org/t/p/w500/gEU2QniE6E77NI6lCU6MxlNBvIx.jpg,2014,Sci-Fi,3.8
50,Frozen,https://image.tmdb.org/t/p/w500/mbm8k3GFhXS0ROd9AD1gqYbIFbM.jpg,2013,Animation,3.1
48,The Godfather,https://image.tmdb.org/t/p/w500/3bhkrj58Vtu7enYsRolD1fZdja1.jpg,1972,Drama,2.2
42,Inception,https://image.tmdb.org/t/p/w500/edv5CZvWj09upOsy2Y6IwDhK8bt.jpg,2010,Sci-Fi,1.2
30,Frozen,https://image.tmdb.org/t/p/w500/mbm8k3GFhXS0ROd9AD1gqYbIFbM.jpg,2013,Animation,1.8
8,Titanic,https://image.tmdb.org/t/p/w500/9xjZS2rlVxm8SFx8kPC3aIGCOYQ.jpg,1997,Romance,4.6
46,Interstellar,https://image.tmdb.org/t/p/w500/gEU2QniE6E77NI6lCU6MxlNBvIx.jpg,2014,Sci-Fi,1.1
27,Avatar,https://image.tmdb.org/t/p/w500/kyeqWdyUXW608qlYkRqosgbbJyK.jpg,2009,Sci-Fi,4.6
31,Titanic,https://image.tmdb.org/t/p/w500/9xjZS2rlVxm8SFx8kPC3aIGCOYQ.jpg,1997,Romance,2.1
13,Avengers: Endgame,https://image.tmdb.org/t/p/w500/ulzhLuWrPK07P1YkdWQLZnQh1JL.jpg,2019,Action,3.3
42,The Dark Knight,https://image.tmdb.org/t/p/w500/qJ2tW6WMUDux911r6m7haRef0WH.jpg,2008,Action,4.7
26,The Lion King,https://image.tmdb.org/t/p/w500/2bXbqYdUdNVa8VIWXVfclP2ICtT.jpg,1994,Animation,2.2
45,Avengers: Endgame,https://image.tmdb.org/t/p/w500/ulzhLuWrPK07P1YkdWQLZnQh1JL.jpg,2019,Action,5
47,Titanic,https://image.tmdb.org/t/p/w500/9xjZS2rlVxm8SFx8kPC3aIGCOYQ.jpg,1997,Romance,1.6
48,Interstellar,https://image.tmdb.org/t/p/w500/gEU2QniE6E77NI6lCU6MxlNBvIx.jpg,2014,Sci-Fi,4.6
29,Titanic,https://image.tmdb.org/t/p/w500/9xjZS2rlVxm8SFx8kPC3aIGCOYQ.jpg,1997,Romance,2.3
40,Interstellar,https://image.tmdb.org/t/p/w500/gEU2QniE6E77NI6lCU6MxlNBvIx.jpg,2014,Sci-Fi,4
48,Frozen,https://image.tmdb.org/t/p/w500/mbm8k3GFhXS0ROd9AD1gqYbIFbM.jpg,2013,Animation,1
15,Frozen,https://image.tmdb.org/t/p/w500/mbm8k3GFhXS0ROd9AD1gqYbIFbM.jpg,2013,Animation,2.3
19,Joker,https://image.tmdb.org/t/p/w500/udDclJoHjfjb8Ekgsd4FDteOkCU.jpg,2019,Thriller,3.5
3,Interstellar,https://image.tmdb.org/t/p/w500/gEU2QniE6E77NI6lCU6MxlNBvIx.jpg,2014,Sci-Fi,3.4
49,Titanic,https://image.tmdb.org/t/p/w500/9xjZS2rlVxm8SFx8kPC3aIGCOYQ.jpg,1997,Romance,3.6
11,Avengers: Endgame,https://image.tmdb.org/t/p/w500/ulzhLuWrPK07P1YkdWQLZnQh1JL.jpg,2019,Action,1.6
38,Interstellar,https://image.tmdb.org/t/p/w500/gEU2QniE6E77NI6lCU6MxlNBvIx.jpg,2014,Sci-Fi,4.2
29,Interstellar,https://image.tmdb.org/t/p/w500/gEU2QniE6E77NI6lCU6MxlNBvIx.jpg,2014,Sci-Fi,3.4
45,The Lion King,https://image.tmdb.org/t/p/w500/2bXbqYdUdNVa8VIWXVfclP2ICtT.jpg,1994,Animation,3.4
43,Avatar,https://image.tmdb.org/t/p/w500/kyeqWdyUXW608qlYkRqosgbbJyK.jpg,2009,Sci-Fi,2.1
15,The Dark Knight,https://image.tmdb.org/t/p/w500/qJ2tW6WMUDux911r6m7haRef0WH.jpg,2008,Action,4.5
7,Avengers: Endgame,https://image.tmdb.org/t/p/w500/ulzhLuWrPK07P1YkdWQLZnQh1JL.jpg,2019,Action,2.9
26,The Dark Knight,https://image.tmdb.org/t/p/w500/qJ2tW6WMUDux911r6m7haRef0WH.jpg,2008,Action,1.5
18,Joker,https://image.tmdb.org/t/p/w500/udDclJoHjfjb8Ekgsd4FDteOkCU.jpg,2019,Thriller,2.5
24,Inception,https://image.tmdb.org/t/p/w500/edv5CZvWj09upOsy2Y6IwDhK8bt.jpg,2010,Sci-Fi,5
44,The Godfather,https://image.tmdb.org/t/p/w500/3bhkrj58Vtu7enYsRolD1fZdja1.jpg,1972,Drama,4
6,The Lion King,https://image.tmdb.org/t/p/w500/2bXbqYdUdNVa8VIWXVfclP2ICtT.jpg,1994,Animation,1.2
37,Interstellar,https://image.tmdb.org/t/p/w500/gEU2QniE6E77NI6lCU6MxlNBvIx.jpg,2014,Sci-Fi,4.7
36,Interstellar,https://image.tmdb.org/t/p/w500/gEU2QniE6E77NI6lCU6MxlNBvIx.jpg,2014,Sci-Fi,4.3
4,Avatar,https://image.tmdb.org/t/p/w500/kyeqWdyUXW608qlYkRqosgbbJyK.jpg,2009,Sci-Fi,2.7
30,Avatar,https://image.tmdb.org/t/p/w500/kyeqWdyUXW608qlYkRqosgbbJyK.jpg,2009,Sci-Fi,4.1
45,Joker,https://image.tmdb.org/t/p/w500/udDclJoHjfjb8Ekgsd4FDteOkCU.jpg,2019,Thriller,1.4
47,Titanic,https://image.tmdb.org/t/p/w500/9xjZS2rlVxm8SFx8kPC3aIGCOYQ.jpg,1997,Romance,3.6
46,Inception,https://image.tmdb.org/t/p/w500/edv5CZvWj09upOsy2Y6IwDhK8bt.jpg,2010,Sci-Fi,4.3
49,Interstellar,https://image.tmdb.org/t/p/w500/gEU2QniE6E77NI6lCU6MxlNBvIx.jpg,2014,Sci-Fi,4.5
15,Avatar,https://image.tmdb.org/t/p/w500/kyeqWdyUXW608qlYkRqosgbbJyK.jpg,2009,Sci-Fi,1.3
11,The Lion King,https://image.tmdb.org/t/p/w500/2bXbqYdUdNVa8VIWXVfclP2ICtT.jpg,1994,Animation,2.3
48,Frozen,https://image.tmdb.org/t/p/w500/mbm8k3GFhXS0ROd9AD1gqYbIFbM.jpg,2013,Animation,3.3
5,The Dark Knight,https://image.tmdb.org/t/p/w500/qJ2tW6WMUDux911r6m7haRef0WH.jpg,2008,Action,4.1
18,The Dark Knight,https://image.tmdb.org/t/p/w500/qJ2tW6WMUDux911r6m7haRef0WH.jpg,2008,Action,3.5
43,Titanic,https://image.tmdb.org/t/p/w500/9xjZS2rlVxm8SFx8kPC3aIGCOYQ.jpg,1997,Romance,2.5
21,The Dark Knight,https://image.tmdb.org/t/p/w500/qJ2tW6WMUDux911r6m7haRef0WH.jpg,2008,Action,1.3
23,Frozen,https://image.tmdb.org/t/p/w500/mbm8k3GFhXS0ROd9AD1gqYbIFbM.jpg,2013,Animation,2.8
2,Avatar,https://image.tmdb.org/t/p/w500/kyeqWdyUXW608qlYkRqosgbbJyK.jpg,2009,Sci-Fi,2
4,Avengers: Endgame,https://image.tmdb.org/t/p/w500/ulzhLuWrPK07P1YkdWQLZnQh1JL.jpg,2019,Action,2.6
41,Joker,https://image.tmdb.org/t/p/w500/udDclJoHjfjb8Ekgsd4FDteOkCU.jpg,2019,Thriller,1.9
10,Titanic,https://image.tmdb.org/t/p/w500/9xjZS2rlVxm8SFx8kPC3aIGCOYQ.jpg,1997,Romance,2.3
26,Joker,https://image.tmdb.org/t/p/w500/udDclJoHjfjb8Ekgsd4FDteOkCU.jpg,2019,Thriller,4.3
10,Avengers: Endgame,https://image.tmdb.org/t/p/w500/ulzhLuWrPK07P1YkdWQLZnQh1JL.jpg,2019,Action,2.7
4,Avatar,https://image.tmdb.org/t/p/w500/kyeqWdyUXW608qlYkRqosgbbJyK.jpg,2009,Sci-Fi,3.8
15,Inception,https://image.tmdb.org/t/p/w500/edv5CZvWj09upOsy2Y6IwDhK8bt.jpg,2010,Sci-Fi,1.1
26,Frozen,https://image.tmdb.org/t/p/w500/mbm8k3GFhXS0ROd9AD1gqYbIFbM.jpg,2013,Animation,4.2
35,Inception,https://image.tmdb.org/t/p/w500/edv5CZvWj09upOsy2Y6IwDhK8bt.jpg,2010,Sci-Fi,4.7
14,The Godfather,https://image.tmdb.org/t/p/w500/3bhkrj58Vtu7enYsRolD1fZdja1.jpg,1972,Drama,3.2
48,The Lion King,https://image.tmdb.org/t/p/w500/2bXbqYdUdNVa8VIWXVfclP2ICtT.jpg,1994,Animation,4.7
11,Inception,https://image.tmdb.org/t/p/w500/edv5CZvWj09upOsy2Y6IwDhK8bt.jpg,2010,Sci-Fi,3.9
35,Joker,https://image.tmdb.org/t/p/w500/udDclJoHjfjb8Ekgsd4FDteOkCU.jpg,2019,Thriller,2.2
38,Titanic,https://image.tmdb.org/t/p/w500/9xjZS2rlVxm8SFx8kPC3aIGCOYQ.jpg,1997,Romance,2.7
21,Avatar,https://image.tmdb.org/t/p/w500/kyeqWdyUXW608qlYkRqosgbbJyK.jpg,2009,Sci-Fi,2
28,Avengers: Endgame,https://image.tmdb.org/t/p/w500/ulzhLuWrPK07P1YkdWQLZnQh1JL.jpg,2019,Action,1.4
36,The Godfather,https://image.tmdb.org/t/p/w500/3bhkrj58Vtu7enYsRolD1fZdja1.jpg,1972,Drama,3.2
9,Joker,https://image.tmdb.org/t/p/w500/udDclJoHjfjb8Ekgsd4FDteOkCU.jpg,2019,Thriller,3.8
17,Titanic,https://image.tmdb.org/t/p/w500/9xjZS2rlVxm8SFx8kPC3aIGCOYQ.jpg,1997,Romance,2.2
17,The Dark Knight,https://image.tmdb.org/t/p/w500/qJ2tW6WMUDux911r6m7haRef0WH.jpg,2008,Action,1.9
3,Inception,https://image.tmdb.org/t/p/w500/edv5CZvWj09upOsy2Y6IwDhK8bt.jpg,2010,Sci-Fi,1.1
24,Joker,https://image.tmdb.org/t/p/w500/udDclJoHjfjb8Ekgsd4FDteOkCU.jpg,2019,Thriller,4.3
20,The Godfather,https://image.tmdb.org/t/p/w500/3bhkrj58Vtu7enYsRolD1fZdja1.jpg,1972,Drama,3.5
7,Avatar,https://image.tmdb.org/t/p/w500/kyeqWdyUXW608qlYkRqosgbbJyK.jpg,2009,Sci-Fi,4.8
33,Interstellar,https://image.tmdb.org/t/p/w500/gEU2QniE6E77NI6lCU6MxlNBvIx.jpg,2014,Sci-Fi,3.2
14,Avengers: Endgame,https://image.tmdb.org/t/p/w500/ulzhLuWrPK07P1YkdWQLZnQh1JL.jpg,2019,Action,3
7,The Lion King,https://image.tmdb.org/t/p/w500/2bXbqYdUdNVa8VIWXVfclP2ICtT.jpg,1994,Animation,1.5
42,The Dark Knight,https://image.tmdb.org/t/p/w500/qJ2tW6WMUDux911r6m7haRef0WH.jpg,2008,Action,5
10,The Godfather,https://image.tmdb.org/t/p/w500/3bhkrj58Vtu7enYsRolD1fZdja1.jpg,1972,Drama,4.6
3,Interstellar,https://image.tmdb.org/t/p/w500/gEU2QniE6E77NI6lCU6MxlNBvIx.jpg,2014,Sci-Fi,3.3
5,Interstellar,https://image.tmdb.org/t/p/w500/gEU2QniE6E77NI6lCU6MxlNBvIx.jpg,2014,Sci-Fi,1.5
16,The Lion King,https://image.tmdb.org/t/p/w500/2bXbqYdUdNVa8VIWXVfclP2ICtT.jpg,1994,Animation,4.7
21,Interstellar,https://image.tmdb.org/t/p/w500/gEU2QniE6E77NI6lCU6MxlNBvIx.jpg,2014,Sci-Fi,4.1
32,Avengers: Endgame,https://image.tmdb.org/t/p/w500/ulzhLuWrPK07P1YkdWQLZnQh1JL.jpg,2019,Action,2
29,Avatar,https://image.tmdb.org/t/p/w500/kyeqWdyUXW608qlYkRqosgbbJyK.jpg,2009,Sci-Fi,4.7
31,Frozen,https://image.tmdb.org/t/p/w500/mbm8k3GFhXS0ROd9AD1gqYbIFbM.jpg,2013,Animation,3.8
33,The Dark Knight,https://image.tmdb.org/t/p/w500/qJ2tW6WMUDux911r6m7haRef0WH.jpg,2008,Action,4.4
3,Interstellar,https://image.tmdb.org/t/p/w500/gEU2QniE6E77NI6lCU6MxlNBvIx.jpg,2014,Sci-Fi,2.5
27,The Dark Knight,https://image.tmdb.org/t/p/w500/qJ2tW6WMUDux911r6m7haRef0WH.jpg,2008,Action,2.1
3,Interstellar,https://image.tmdb.org/t/p/w500/gEU2QniE6E77NI6lCU6MxlNBvIx.jpg,2014,Sci-Fi,1.1
47,Avatar,https://image.tmdb.org/t/p/w500/kyeqWdyUXW608qlYkRqosgbbJyK.jpg,2009,Sci-Fi,3.3
50,Avatar,https://image.tmdb.org/t/p/w500/kyeqWdyUXW608qlYkRqosgbbJyK.jpg,2009,Sci-Fi,3.4
48,The Godfather,https://image.tmdb.org/t/p/w500/3bhkrj58Vtu7enYsRolD1fZdja1.jpg,1972,Drama,4.9
36,Avengers: Endgame,https://image.tmdb.org/t/p/w500/ulzhLuWrPK07P1YkdWQLZnQh1JL.jpg,2019,Action,4
14,Avengers: Endgame,https://image.tmdb.org/t/p/w500/ulzhLuWrPK07P1YkdWQLZnQh1JL.jpg,2019,Action,4.3
20,Inception,https://image.tmdb.org/t/p/w500/edv5CZvWj09upOsy2Y6IwDhK8bt.jpg,2010,Sci-Fi,2.7
6,Joker,https://image.tmdb.org/t/p/w500/udDclJoHjfjb8Ekgsd4FDteOkCU.jpg,2019,Thriller,1.2
10,Frozen,https://image.tmdb.org/t/p/w500/mbm8k3GFhXS0ROd9AD1gqYbIFbM.jpg,2013,Animation,4.5
31,Inception,https://image.tmdb.org/t/p/w500/edv5CZvWj09upOsy2Y6IwDhK8bt.jpg,2010,Sci-Fi,1.5
43,Joker,https://image.tmdb.org/t/p/w500/udDclJoHjfjb8Ekgsd4FDteOkCU.jpg,2019,Thriller,2.5
20,Avatar,https://image.tmdb.org/t/p/w500/kyeqWdyUXW608qlYkRqosgbbJyK.jpg,2009,Sci-Fi,2.4
7,Avengers: Endgame,https://image.tmdb.org/t/p/w500/ulzhLuWrPK07P1YkdWQLZnQh1JL.jpg,2019,Action,2.4
23,Avatar,https://image.tmdb.org/t/p/w500/kyeqWdyUXW608qlYkRqosgbbJyK.jpg,2009,Sci-Fi,2.1
33,Avengers: Endgame,https://image.tmdb.org/t/p/w500/ulzhLuWrPK07P1YkdWQLZnQh1JL.jpg,2019,Action,2.7
30,Avengers: Endgame,https://image.tmdb.org/t/p/w500/ulzhLuWrPK07P1YkdWQLZnQh1JL.jpg,2019,Action,3
30,Avengers: Endgame,https://image.tmdb.org/t/p/w500/ulzhLuWrPK07P1YkdWQLZnQh1JL.jpg,2019,Action,2.1
28,Interstellar,https://image.tmdb.org/t/p/w500/gEU2QniE6E77NI6lCU6MxlNBvIx.jpg,2014,Sci-Fi,1.4
20,The Lion King,https://image.tmdb.org/t/p/w500/2bXbqYdUdNVa8VIWXVfclP2ICtT.jpg,1994,Animation,2.4
8,Inception,https://image.tmdb.org/t/p/w500/edv5CZvWj09upOsy2Y6IwDhK8bt.jpg,2010,Sci-Fi,1.8
13,Titanic,https://image.tmdb.org/t/p/w500/9xjZS2rlVxm8SFx8kPC3aIGCOYQ.jpg,1997,Romance,4.8
19,Inception,https://image.tmdb.org/t/p/w500/edv5CZvWj09upOsy2Y6IwDhK8bt.jpg,2010,Sci-Fi,2.8
37,Avatar,https://image.tmdb.org/t/p/w500/kyeqWdyUXW608qlYkRqosgbbJyK.jpg,2009,Sci-Fi,2.1
18,The Godfather,https://image.tmdb.org/t/p/w500/3bhkrj58Vtu7enYsRolD1fZdja1.jpg,1972,Drama,4.7
31,Interstellar,https://image.tmdb.org/t/p/w500/gEU2QniE6E77NI6lCU6MxlNBvIx.jpg,2014,Sci-Fi,1.4
6,Avatar,https://image.tmdb.org/t/p/w500/kyeqWdyUXW608qlYkRqosgbbJyK.jpg,2009,Sci-Fi,2.5
46,Avengers: Endgame,https://image.tmdb.org/t/p/w500/ulzhLuWrPK07P1YkdWQLZnQh1JL.jpg,2019,Action,3.9
24,The Dark Knight,https://image.tmdb.org/t/p/w500/qJ2tW6WMUDux911r6m7haRef0WH.jpg,2008,Action,2.1
9,Joker,https://image.tmdb.org/t/p/w500/udDclJoHjfjb8Ekgsd4FDteOkCU.jpg,2019,Thriller,5
13,The Lion King,https://image.tmdb.org/t/p/w500/2bXbqYdUdNVa8VIWXVfclP2ICtT.jpg,1994,Animation,3.7
19,Inception,https://image.tmdb.org/t/p/w500/edv5CZvWj09upOsy2Y6IwDhK8bt.jpg,2010,Sci-Fi,1.4
12,Interstellar,https://image.tmdb.org/t/p/w500/gEU2QniE6E77NI6lCU6MxlNBvIx.jpg,2014,Sci-Fi,4.4
50,Avatar,https://image.tmdb.org/t/p/w500/kyeqWdyUXW608qlYkRqosgbbJyK.jpg,2009,Sci-Fi,2.2
50,The Godfather,https://image.tmdb.org/t/p/w500/3bhkrj58Vtu7enYsRolD1fZdja1.jpg,1972,Drama,3.6
12,Inception,https://image.tmdb.org/t/p/w500/edv5CZvWj09upOsy2Y6IwDhK8bt.jpg,2010,Sci-Fi,2.9
31,Joker,https://image.tmdb.org/t/p/w500/udDclJoHjfjb8Ekgsd4FDteOkCU.jpg,2019,Thriller,4.2
23,Joker,https://image.tmdb.org/t/p/w500/udDclJoHjfjb8Ekgsd4FDteOkCU.jpg,2019,Thriller,2.9
35,Avatar,https://image.tmdb.org/t/p/w500/kyeqWdyUXW608qlYkRqosgbbJyK.jpg,2009,Sci-Fi,1.4
16,Avatar,https://image.tmdb.org/t/p/w500/kyeqWdyUXW608qlYkRqosgbbJyK.jpg,2009,Sci-Fi,4.5
16,Titanic,https://image.tmdb.org/t/p/w500/9xjZS2rlVxm8SFx8kPC3aIGCOYQ.jpg,1997,Romance,2.4
36,The Dark Knight,https://image.tmdb.org/t/p/w500/qJ2tW6WMUDux911r6m7haRef0WH.jpg,2008,Action,2.8
29,Joker,https://image.tmdb.org/t/p/w500/udDclJoHjfjb8Ekgsd4FDteOkCU.jpg,2019,Thriller,4
31,The Godfather,https://image.tmdb.org/t/p/w500/3bhkrj58Vtu7enYsRolD1fZdja1.jpg,1972,Drama,4.6
11,Joker,https://image.tmdb.org/t/p/w500/udDclJoHjfjb8Ekgsd4FDteOkCU.jpg,2019,Thriller,4.1
9,Inception,https://image.tmdb.org/t/p/w500/edv5CZvWj09upOsy2Y6IwDhK8bt.jpg,2010,Sci-Fi,1.9
24,Inception,https://image.tmdb.org/t/p/w500/edv5CZvWj09upOsy2Y6IwDhK8bt.jpg,2010,Sci-Fi,3.3
10,Titanic,https://image.tmdb.org/t/p/w500/9xjZS2rlVxm8SFx8kPC3aIGCOYQ.jpg,1997,Romance,2.9
30,The Dark Knight,https://image.tmdb.org/t/p/w500/qJ2tW6WMUDux911r6m7haRef0WH.jpg,2008,Action,3.6
44,Inception,https://image.tmdb.org/t/p/w500/edv5CZvWj09upOsy2Y6IwDhK8bt.jpg,2010,Sci-Fi,4.4
46,Avengers: Endgame,https://image.tmdb.org/t/p/w500/ulzhLuWrPK07P1YkdWQLZnQh1JL.jpg,2019,Action,3.7
1,Inception,https://image.tmdb.org/t/p/w500/edv5CZvWj09upOsy2Y6IwDhK8bt.jpg,2010,Sci-Fi,1.4
47,The Lion King,https://image.tmdb.org/t/p/w500/2bXbqYdUdNVa8VIWXVfclP2ICtT.jpg,1994,Animation,2.2
23,Titanic,https://image.tmdb.org/t/p/w500/9xjZS2rlVxm8SFx8kPC3aIGCOYQ.jpg,1997,Romance,2.1
34,Titanic,https://image.tmdb.org/t/p/w500/9xjZS2rlVxm8SFx8kPC3aIGCOYQ.jpg,1997,Romance,3.2
9,The Dark Knight,https://image.tmdb.org/t/p/w500/qJ2tW6WMUDux911r6m7haRef0WH.jpg,2008,Action,4.8
46,The Dark Knight,https://image.tmdb.org/t/p/w500/qJ2tW6WMUDux911r6m7haRef0WH.jpg,2008,Action,3.8
33,Inception,https://image.tmdb.org/t/p/w500/edv5CZvWj09upOsy2Y6IwDhK8bt.jpg,2010,Sci-Fi,1.1
21,Avengers: Endgame,https://image.tmdb.org/t/p/w500/ulzhLuWrPK07P1YkdWQLZnQh1JL.jpg,2019,Action,2.8
6,Interstellar,https://image.tmdb.org/t/p/w500/gEU2QniE6E77NI6lCU6MxlNBvIx.jpg,2014,Sci-Fi,2.1
37,Avengers: Endgame,https://image.tmdb.org/t/p/w500/ulzhLuWrPK07P1YkdWQLZnQh1JL.jpg,2019,Action,1.1
9,Titanic,https://image.tmdb.org/t/p/w500/9xjZS2rlVxm8SFx8kPC3aIGCOYQ.jpg,1997,Romance,1.3
43,The Dark Knight,https://image.tmdb.org/t/p/w500/qJ2tW6WMUDux911r6m7haRef0WH.jpg,2008,Action,1.5
30,Frozen,https://image.tmdb.org/t/p/w500/mbm8k3GFhXS0ROd9AD1gqYbIFbM.jpg,2013,Animation,2.4
37,Avengers: Endgame,https://image.tmdb.org/t/p/w500/ulzhLuWrPK07P1YkdWQLZnQh1JL.jpg,2019,Action,2.9
3,Interstellar,https://image.tmdb.org/t/p/w500/gEU2QniE6E77NI6lCU6MxlNBvIx.jpg,2014,Sci-Fi,4.5
22,Inception,https://image.tmdb.org/t/p/w500/edv5CZvWj09upOsy2Y6IwDhK8bt.jpg,2010,Sci-Fi,2.8
11,Avatar,https://image.tmdb.org/t/p/w500/kyeqWdyUXW608qlYkRqosgbbJyK.jpg,2009,Sci-Fi,1.7
12,The Godfather,https://image.tmdb.org/t/p/w500/3bhkrj58Vtu7enYsRolD1fZdja1.jpg,1972,Drama,1.2
22,Inception,https://image.tmdb.org/t/p/w500/edv5CZvWj09upOsy2Y6IwDhK8bt.jpg,2010,Sci-Fi,1.5
36,The Godfather,https://image.tmdb.org/t/p/w500/3bhkrj58Vtu7enYsRolD1fZdja1.jpg,1972,Drama,1.7
18,Inception,https://image.tmdb.org/t/p/w500/edv5CZvWj09upOsy2Y6IwDhK8bt.jpg,2010,Sci-Fi,2.1
47,Avatar,https://image.tmdb.org/t/p/w500/kyeqWdyUXW608qlYkRqosgbbJyK.jpg,2009,Sci-Fi,3.2
41,Avatar,https://image.tmdb.org/t/p/w500/kyeqWdyUXW608qlYkRqosgbbJyK.jpg,2009,Sci-Fi,4.9
5,Avatar,https://image.tmdb.org/t/p/w500/kyeqWdyUXW608qlYkRqosgbbJyK.jpg,2009,Sci-Fi,4.6
4,Interstellar,https://image.tmdb.org/t/p/w500/gEU2QniE6E77NI6lCU6MxlNBvIx.jpg,2014,Sci-Fi,1.2
29,Joker,https://image.tmdb.org/t/p/w500/udDclJoHjfjb8Ekgsd4FDteOkCU.jpg,2019,Thriller,4.7
9,The Dark Knight,https://image.tmdb.org/t/p/w500/qJ2tW6WMUDux911r6m7haRef0WH.jpg,2008,Action,2.5
17,The Lion King,https://image.tmdb.org/t/p/w500/2bXbqYdUdNVa8VIWXVfclP2ICtT.jpg,1994,Animation,3.6
3,Inception,https://image.tmdb.org/t/p/w500/edv5CZvWj09upOsy2Y6IwDhK8bt.jpg,2010,Sci-Fi,2.4
44,Interstellar,https://image.tmdb.org/t/p/w500/gEU2QniE6E77NI6lCU6MxlNBvIx.jpg,2014,Sci-Fi,4.7
26,The Lion King,https://image.tmdb.org/t/p/w500/2bXbqYdUdNVa8VIWXVfclP2ICtT.jpg,1994,Animation,4.9
8,Inception,https://image.tmdb.org/t/p/w500/edv5CZvWj09upOsy2Y6IwDhK8bt.jpg,2010,Sci-Fi,3.1
34,The Dark Knight,https://image.tmdb.org/t/p/w500/qJ2tW6WMUDux911r6m7haRef0WH.jpg,2008,Action,4.8
23,Interstellar,https://image.tmdb.org/t/p/w500/gEU2QniE6E77NI6lCU6MxlNBvIx.jpg,2014,Sci-Fi,3.4
8,The Lion King,https://image.tmdb.org/t/p/w500/2bXbqYdUdNVa8VIWXVfclP2ICtT.jpg,1994,Animation,2.4
34,Interstellar,https://image.tmdb.org/t/p/w500/gEU2QniE6E77NI6lCU6MxlNBvIx.jpg,2014,Sci-Fi,2.8
24,The Godfather,https://image.tmdb.org/t/p/w500/3bhkrj58Vtu7enYsRolD1fZdja1.jpg,1972,Drama,4.7
42,Inception,https://image.tmdb.org/t/p/w500/edv5CZvWj09upOsy2Y6IwDhK8bt.jpg,2010,Sci-Fi,2.6
7,The Dark Knight,https://image.tmdb.org/t/p/w500/qJ2tW6WMUDux911r6m7haRef0WH.jpg,2008,Action,3.9
